"id","name","english_name","core_trait_1","core_trait_2","intensity","style_keywords","image_url","category_type","created_at","updated_at"
"1","甜橙（精油）","Sweet Orange","甜（甘甜）/★★★★★","酸（鲜酸）/★","★★★★","阳光、甜美、圆润、愉悦、温暖","/images/smell/柑橘调/甜橙（精油）.png","柑橘调","15/10/2025 00:00:00","15/10/2025 00:00:00"
"2","香柠檬","Bergamot","酸 (柑橘酸) /★★★★","苦 (清苦) /★","★★★","清新、明亮、略带苦感、优雅","/images/smell/柑橘调/香柠檬.png","柑橘调","15/10/2025 00:00:00","15/10/2025 00:00:00"
"3","柠檬","Lemon","酸 (柠檬酸) /★★★★★","果皮油润感 /★★★★","★★★★","尖锐、明亮、清爽、提神","/images/smell/柑橘调/柠檬.png","柑橘调","15/10/2025 00:00:00","15/10/2025 00:00:00"
"4","橘子","Mandarin Orange","甜 (果甜) /★★★","酸 (柑橘酸) /★★","★★★","甜美、多汁、阳光感、温和","/images/smell/柑橘调/橘子.png","柑橘调","15/10/2025 00:00:00","15/10/2025 00:00:00"
"5","葡萄柚","Grapefruit","酸 (柑橘酸) /★★★","苦 (清苦) /★★","★★★","清新、微苦、多汁、活力","/images/smell/柑橘调/葡萄柚.png","柑橘调","15/10/2025 00:00:00","15/10/2025 00:00:00"
"6","橙子","Orange","甜 (果甜) /★★★","酸 (柑橘酸) /★★","★★★","甜美、多汁、圆润、阳光","/images/smell/柑橘调/橙子.png","柑橘调","15/10/2025 00:00:00","15/10/2025 00:00:00"
"7","橙花油","Neroli","甜 (花甜) /★★","苦 (清苦) /★","★★★","花香、苦橙、洁净、优雅","/images/smell/柑橘调/橙花油.png","柑橘调","15/10/2025 00:00:00","15/10/2025 00:00:00"
"8","柑橘","Citruses","酸 (柑橘酸) /★★★★","甜 (果甜) /★★","★★★","清新、活力、提神、多汁","/images/smell/柑橘调/柑橘.png","柑橘调","15/10/2025 00:00:00","15/10/2025 00:00:00"
"9","苦橙叶","Petitgrain","苦 (青苦) /★★★","辣 (绿感) /★★","★★★","绿叶、清新、苦感、草本","/images/smell/柑橘调/苦橙叶.png","柑橘调","15/10/2025 00:00:00","15/10/2025 00:00:00"
"10","青柠","Lime","酸 (柑橘酸) /★★★★","青涩刺激感 /★★★★","★★★","尖锐、清新、绿色、活泼","/images/smell/柑橘调/青柠.png","柑橘调","15/10/2025 00:00:00","15/10/2025 00:00:00"
"11","苦橙","Bitter Orange","苦 (清苦) /★★★","酸 (柑橘酸) /★★","★★★","苦涩、橙香、浓郁、药感","/images/smell/柑橘调/苦橙.png","柑橘调","15/10/2025 00:00:00","15/10/2025 00:00:00"
"12","柚子","Pomelo","酸 (柑橘酸) /★★","甜 (果甜) /★★","★★","清新、淡雅、多汁、微苦","/images/smell/柑橘调/柚子.png","柑橘调","15/10/2025 00:00:00","15/10/2025 00:00:00"
"13","金橘","Kumquat","甜 (果甜)/ ★★","酸 (柑橘酸) /★★","★★","甜美、微酸、皮涩、小巧","/images/smell/柑橘调/金橘.png","柑橘调","15/10/2025 00:00:00","15/10/2025 00:00:00"
"14","蜜橘","Tangerine","甜 (果甜) /★★★","薄皮挥发感 /★★","★★","甜美、温和、多汁、阳光","/images/smell/柑橘调/蜜橘.png","柑橘调","15/10/2025 00:00:00","15/10/2025 00:00:00"
"15","柠檬马鞭草","Lemon Verbena","酸 (柠檬酸) /★★★","甜 (草甜) /★","★★★","柠檬草、草本、清新、绿意","/images/smell/柑橘调/柠檬马鞭草.png","柑橘调","15/10/2025 00:00:00","15/10/2025 00:00:00"
"16","香橼","Citron","酸 (柑橘酸) /★★★","苦 (清苦) /★","★★","清新、淡雅、略带苦感、木质","/images/smell/柑橘调/香橼.png","柑橘调","15/10/2025 00:00:00","15/10/2025 00:00:00"
"17","血橙","Blood Orange","酸 (柑橘酸) /★★★","甜 (果甜) /★★","★★★","多汁、莓果感、深红、微苦","/images/smell/柑橘调/血橙.png","柑橘调","15/10/2025 00:00:00","15/10/2025 00:00:00"
"18","克里曼丁红橘","Clementine","甜 (果甜) /★★★","酸 (柑橘酸) /★","★★","甜美、易剥皮、温和、多汁","/images/smell/柑橘调/克里曼丁红橘.png","柑橘调","15/10/2025 00:00:00","15/10/2025 00:00:00"
"19","香茅","Lemongrass","酸 (柠檬酸) /★★★","辣 (草辣) /★","★★★","柠檬、草本、清新、东南亚","/images/smell/柑橘调/香茅.png","柑橘调","15/10/2025 00:00:00","15/10/2025 00:00:00"
"20","青橘","Green Tangerine","酸 (柑橘酸) /★★★","甜 (果甜) /★","★★","未熟、青绿、多汁、清新","/images/smell/柑橘调/青橘.png","柑橘调","15/10/2025 00:00:00","15/10/2025 00:00:00"
"21","柑橘水","Citrus Water","酸 (柑橘酸) /★","水感稀释度 /★★★","★","清淡、水感、清新、柔和","/images/smell/柑橘调/柑橘水.png","柑橘调","15/10/2025 00:00:00","15/10/2025 00:00:00"
"22","香蜂草","Lemon Balm","酸 (柠檬酸) /★★","甜 (草甜) /★","★★","柠檬、草本、蜂蜜、温和","/images/smell/柑橘调/香蜂草.png","柑橘调","15/10/2025 00:00:00","15/10/2025 00:00:00"
"23","卡拉曼西","Calamansi","酸 (柑橘酸) /★★★","甜 (果甜) /★","★★","青柠、橙、微甜、菲律宾","/images/smell/柑橘调/卡拉曼西.png","柑橘调","15/10/2025 00:00:00","15/10/2025 00:00:00"
"24","橘柚","Tangelo","甜 (果甜) /★★★","酸 (柑橘酸) /★★","★★★","多汁、甜美、微酸、易剥","/images/smell/柑橘调/橘柚.png","柑橘调","15/10/2025 00:00:00","15/10/2025 00:00:00"
"25","荔枝","Litchi","甜 (果甜) /★★★★","酸 (果酸) /★","★★","甜美、天鹅绒、多汁、少女香","/images/smell/果香调/荔枝.png","果香调","15/10/2025 00:00:00","15/10/2025 00:00:00"
"26","桃子","Peach","甜 (果甜) /★★★","绒毛粉质感 /★★★","★★","毛茸茸、甜美、多汁、温和","/images/smell/果香调/桃子.png","果香调","15/10/2025 00:00:00","15/10/2025 00:00:00"
"27","椰子","Coconut","甜 (奶甜) /★★★","日晒油脂感 /★★★★","★★","椰肉、防晒霜、热带标志","/images/smell/果香调/椰子.png","果香调","15/10/2025 00:00:00","15/10/2025 00:00:00"
"28","无花果","Fig","甜 (奶甜) /★★","辣 (绿感) /★","★★","奶香、青绿、甜美、独特","/images/smell/果香调/无花果.png","果香调","15/10/2025 00:00:00","15/10/2025 00:00:00"
"29","黑加仑","Black Currant","酸 (果酸) /★★★","甜 (浆果甜) /★","★★","浆果、浓郁、微涩、果香","/images/smell/果香调/黑加仑.png","果香调","15/10/2025 00:00:00","15/10/2025 00:00:00"
"30","树莓","Raspberry","酸 (果酸) /★★★","甜 (浆果甜) /★★","★★","浆果、酸甜、红色、活泼","/images/smell/果香调/树莓.png","果香调","15/10/2025 00:00:00","15/10/2025 00:00:00"
"31","苹果","Apple","甜 (果甜) /★★","酸 (果酸) /★","★","清新、多汁、脆爽、淡雅","/images/smell/果香调/苹果.png","果香调","15/10/2025 00:00:00","15/10/2025 00:00:00"
"32","杏仁","Almond","甜 (坚果甜) /★★","苦 (坚果苦) /★","★★","坚果、温暖、油脂、微苦","/images/smell/果香调/杏仁.png","果香调","15/10/2025 00:00:00","15/10/2025 00:00:00"
"33","菠萝","Pineapple","酸 (果酸) /★★★","甜 (果甜) /★★","★★★","热带、浓郁、甜美、微酸","/images/smell/果香调/菠萝.png","果香调","15/10/2025 00:00:00","15/10/2025 00:00:00"
"34","芒果","Mango","甜 (果甜) /★★★","酸 (果酸) /★","★★","热带、多汁、甜美、油脂","/images/smell/果香调/芒果.png","果香调","15/10/2025 00:00:00","15/10/2025 00:00:00"
"35","西瓜","Watermelon","甜 (果甜) /★★","瓜瓤水润感 /★★★★","★","水润、清新、爽口、夏日","/images/smell/果香调/西瓜.png","果香调","15/10/2025 00:00:00","15/10/2025 00:00:00"
"36","李子","Plum","甜 (果甜) /★★","酸 (果酸) /★","★","多汁、紫色、微酸、成熟","/images/smell/果香调/李子.png","果香调","15/10/2025 00:00:00","15/10/2025 00:00:00"
"37","黄瓜","Cucumber","淡甜 (草甜) /★","辣 (绿感) /★","★","清新、水润、绿意、凉爽","/images/smell/果香调/黄瓜.png","果香调","15/10/2025 00:00:00","15/10/2025 00:00:00"
"38","葡萄","Grapes","甜 (果甜) /★★","酿酒发酵感 /★★★","★","多汁、果香、圆润、清新","/images/smell/果香调/葡萄.png","果香调","15/10/2025 00:00:00","15/10/2025 00:00:00"
"39","红浆果","Red Berries","甜 (浆果甜) /★★","酸 (果酸) /★★","★★","红色、酸甜、浆果、活力","/images/smell/果香调/红浆果.png","果香调","15/10/2025 00:00:00","15/10/2025 00:00:00"
"40","黑莓","Blackberry","甜 (浆果甜) /★★","酸 (果酸) /★★","★★","深色、酸甜、浓郁、野生","/images/smell/果香调/黑莓.png","果香调","15/10/2025 00:00:00","15/10/2025 00:00:00"
"41","草莓","Strawberry","甜 (果甜) /★★★","酸 (果酸) /★","★★","甜美、多汁、红色、活泼","/images/smell/果香调/草莓.png","果香调","15/10/2025 00:00:00","15/10/2025 00:00:00"
"42","香瓜","Melon","甜 (果甜) /★★","瓜瓤水润感 /★★★★","★","水润、清新、淡雅、瓜香","/images/smell/果香调/香瓜.png","果香调","15/10/2025 00:00:00","15/10/2025 00:00:00"
"43","杏","Apricot","甜 (果甜) /★★","酸 (果酸) /★","★","毛茸茸、甜美、温暖、橙色","/images/smell/果香调/杏.png","果香调","15/10/2025 00:00:00","15/10/2025 00:00:00"
"44","百香果","Passionfruit","酸 (果酸) /★★★","甜 (果甜) /★★","★★★","热带、浓郁、酸甜、独特","/images/smell/果香调/百香果.png","果香调","15/10/2025 00:00:00","15/10/2025 00:00:00"
"45","板栗","Chestnut","甜 (坚果甜) /★★","焦糖粉感 /★★★","★","粉感、烘烤、秋冬街头、淀粉暖香","/images/smell/果香调/板栗.png","果香调","15/10/2025 00:00:00","15/10/2025 00:00:00"
"46","樱桃","Cherry","甜 (果甜) /★★","酸 (果酸) /★","★","甜美、红色、水果、酒香","/images/smell/果香调/樱桃.png","果香调","15/10/2025 00:00:00","15/10/2025 00:00:00"
"47","杨梅","Yumberry","酸 (果酸) /★★","甜 (果甜) /★","★","酸甜、红色、多汁、中国","/images/smell/果香调/杨梅.png","果香调","15/10/2025 00:00:00","15/10/2025 00:00:00"
"48","石榴","Pomegranate","酸 (果酸) /★★","甜 (果甜) /★","★","多汁、红色、籽感、清新","/images/smell/果香调/石榴.png","果香调","15/10/2025 00:00:00","15/10/2025 00:00:00"
"49","榛子","Hazelnut","甜 (坚果甜) /★★","烘烤烟熏感 /★★★","★","费列罗巧克力、焦香外壳、温暖、油脂","/images/smell/果香调/榛子.png","果香调","15/10/2025 00:00:00","15/10/2025 00:00:00"
"50","干果","Dried Fruits","甜 (焦糖甜) /★★★","果脯粘稠感 /★★★★","★★","浓缩、甜美、果脯、蜜饯","/images/smell/果香调/干果.png","果香调","15/10/2025 00:00:00","15/10/2025 00:00:00"
"51","胡萝卜","Carrot","甜 (根甜) /★","苦 (土苦) /★","★","泥土、根茎、微甜、生青","/images/smell/果香调/胡萝卜.png","果香调","15/10/2025 00:00:00","15/10/2025 00:00:00"
"52","青椒","Green Pepper","辣 (青椒辣) /★★","辣 (绿感) /★","★★","青绿、生感、蔬菜、尖锐","/images/smell/果香调/青椒.png","果香调","15/10/2025 00:00:00","15/10/2025 00:00:00"
"53","木梨","Quince","酸 (果酸) /★★","甜 (果甜) /★","★","酸涩、芳香、黄色、果酱","/images/smell/果香调/木梨.png","果香调","15/10/2025 00:00:00","15/10/2025 00:00:00"
"54","醋栗","Gooseberry","酸 (果酸) /★★★","甜 (果甜) /★","★★","青绿、酸甜、多刺、清新","/images/smell/果香调/醋栗.png","果香调","15/10/2025 00:00:00","15/10/2025 00:00:00"
"55","蔓越莓","Cranberry","酸 (果酸) /★★★","甜 (果甜) /★","★★","酸涩、红色、果酱、清新","/images/smell/果香调/蔓越莓.png","果香调","15/10/2025 00:00:00","15/10/2025 00:00:00"
"56","香蕉","Banana","甜 (果甜) /★★★","熟软糯质感 /★★★","★★","软糯、淀粉甜、热带、奶油","/images/smell/果香调/香蕉.png","果香调","15/10/2025 00:00:00","15/10/2025 00:00:00"
"57","番石榴","Guava","甜 (果甜) /★★","酸 (果酸) /★","★★","热带、独特、甜美、籽感","/images/smell/果香调/番石榴.png","果香调","15/10/2025 00:00:00","15/10/2025 00:00:00"
"58","杨桃","Carambola (Star Fruit)","酸 (果酸) /★★","甜 (果甜) /★","★","清新、水润、星形、淡雅","/images/smell/果香调/杨桃.png","果香调","15/10/2025 00:00:00","15/10/2025 00:00:00"
"59","蓝莓","Blueberry","甜 (浆果甜) /★★","酸 (果酸) /★","★","深色、酸甜、小果、抗氧化","/images/smell/果香调/蓝莓.png","果香调","15/10/2025 00:00:00","15/10/2025 00:00:00"
"60","黄香李","Mirabelle","甜 (果甜) /★★★","蜜饯浓缩感 /★★★","★","甜美、果酱、李子、多汁","/images/smell/果香调/黄香李.png","果香调","15/10/2025 00:00:00","15/10/2025 00:00:00"
"61","人心果","Sapodilla","甜 (焦糖甜) /★★","熟软奶香感 /★★★","★","焦糖、梨、炼乳、热带","/images/smell/果香调/人心果.png","果香调","15/10/2025 00:00:00","15/10/2025 00:00:00"
"62","青梅","Greengage","酸 (果酸) /★★","甜 (果甜) /★","★","青绿、酸涩、未熟、李子","/images/smell/果香调/青梅.png","果香调","15/10/2025 00:00:00","15/10/2025 00:00:00"
"63","开心果","Pistachio","甜 (坚果甜) /★★","生青咸鲜感 /★★★","★","盐焗、烘烤、油脂、中东糕点","/images/smell/果香调/开心果.png","果香调","15/10/2025 00:00:00","15/10/2025 00:00:00"
"64","猕猴桃","Kiwi","酸 (果酸) /★★","甜 (果甜) /★","★","毛茸茸、酸甜、绿色、多籽","/images/smell/果香调/猕猴桃.png","果香调","15/10/2025 00:00:00","15/10/2025 00:00:00"
"65","西番莲","Passion Flower","酸 (果酸) /★★★","甜 (果甜) /★★","★★","热带、花香、酸甜、独特","/images/smell/果香调/西番莲.png","果香调","15/10/2025 00:00:00","15/10/2025 00:00:00"
"66","花生","Peanut","甜 (坚果甜) /★★","油脂陈旧感 /★★","★","烘烤、油脂、轻微氧化、温暖","/images/smell/果香调/花生.png","果香调","15/10/2025 00:00:00","15/10/2025 00:00:00"
"67","核桃","Walnut","苦 (坚果苦) /★★","甜 (坚果甜) /★","★","坚果、木质、微苦、油脂","/images/smell/果香调/核桃.png","果香调","15/10/2025 00:00:00","15/10/2025 00:00:00"
"68","大麦","Barley","甜 (谷甜) /★","麦麸粗糙感 /★★★","★","谷物、烘烤、啤酒原料、温和","/images/smell/果香调/大麦.png","果香调","15/10/2025 00:00:00","15/10/2025 00:00:00"
"69","木瓜","Papaya","甜 (果甜) /★★","奶香皂感 /★★","★","热带、温和、软糯、淡雅","/images/smell/果香调/木瓜.png","果香调","15/10/2025 00:00:00","15/10/2025 00:00:00"
"70","乌梅","Dark Plum Wu Mei","酸 (果酸) /★★★","甜 (果甜) /★","★★","烟熏、酸涩、果脯、中药","/images/smell/果香调/乌梅.png","果香调","15/10/2025 00:00:00","15/10/2025 00:00:00"
"71","桑葚","Mulberry","甜 (果甜) /★★","酸 (果酸) /★","★","深色、多汁、甜美、树生","/images/smell/果香调/桑葚.png","果香调","15/10/2025 00:00:00","15/10/2025 00:00:00"
"72","玫瑰","Rose","甜 (花蜜甜) /★★★★","脂粉感 /★★","★★★★","馥郁、丝绒、蜂蜜感、华丽","/images/smell/花香调/玫瑰.png","花香调","15/10/2025 00:00:00","15/10/2025 00:00:00"
"73","薰衣草","Lavender","清凉感 /★★","樟脑药感 /★★★","★★★","药草、干燥花束、宁静","/images/smell/花香调/薰衣草.png","花香调","15/10/2025 00:00:00","15/10/2025 00:00:00"
"74","鸢尾花","Iris","甜 (粉甜) /★★★★","根茎泥土感 /★★","★★★","紫罗兰粉感、复古、胡萝卜籽","/images/smell/花香调/鸢尾花.png","花香调","15/10/2025 00:00:00","15/10/2025 00:00:00"
"75","铃兰","Lily-of-the-Valley","青绿感 /★★","水润露感 /★★★","★★","露水、铃铛、春日森林","/images/smell/花香调/铃兰.png","花香调","15/10/2025 00:00:00","15/10/2025 00:00:00"
"76","依兰","Ylang-Ylang","甜 (奶油甜) /★★★★","动物浊感 /★★","★★★★","热带、香蕉奶油、异域","/images/smell/花香调/依兰.png","花香调","15/10/2025 00:00:00","15/10/2025 00:00:00"
"77","紫罗兰","Violet","甜 (粉甜) /★★★","叶青涩感 /★★","★★","糖果、紫罗兰叶、复古胭脂","/images/smell/花香调/紫罗兰.png","花香调","15/10/2025 00:00:00","15/10/2025 00:00:00"
"78","牡丹","Peony","甜 (蜜甜) /★★★","果酸灵动感 /★","★★","荔枝玫瑰、丰腴、丝绸","/images/smell/花香调/牡丹.png","花香调","15/10/2025 00:00:00","15/10/2025 00:00:00"
"79","桂花","Osmanthus","甜 (杏桃甜) /★★★★","皮革烟熏感 /★","★★★","杏干、茶香、秋日","/images/smell/花香调/桂花.png","花香调","15/10/2025 00:00:00","15/10/2025 00:00:00"
"80","木兰","Magnolia","甜 (花甜) /★★","蜡质洁净感 /★★","★★","洁白、淡雅、木本、温和","/images/smell/花香调/木兰.png","花香调","15/10/2025 00:00:00","15/10/2025 00:00:00"
"81","小苍兰","Freesia","清甜感 /★★","胡椒绿感 /★","★★","清脆、温室花卉、水灵","/images/smell/花香调/小苍兰.png","花香调","15/10/2025 00:00:00","15/10/2025 00:00:00"
"82","鸢尾根","Orris Root","甜 (粉甜) /★★","根茎木质感 /★★★","★★","粉感、木质、温暖、定香","/images/smell/花香调/鸢尾根.png","花香调","15/10/2025 00:00:00","15/10/2025 00:00:00"
"83","天竺葵","Geranium","甜 (玫瑰甜) /★★","薄荷绿感 /★★★","★★★","柠檬玫瑰、草本、驱蚊草","/images/smell/花香调/天竺葵.png","花香调","15/10/2025 00:00:00","15/10/2025 00:00:00"
"84","莲花","Lotus","甜 (花甜) /★★","水生清新感 /★★★","★★","水生、佛教、淡雅、莲蓬","/images/smell/花香调/莲花.png","花香调","15/10/2025 00:00:00","15/10/2025 00:00:00"
"85","桃金娘","Myrtle","青草感 /★★","药草青涩感 /★★","★★","清新、绿叶、地中海、簇生","/images/smell/花香调/桃金娘.png","花香调","15/10/2025 00:00:00","15/10/2025 00:00:00"
"86","天芥菜","Heliotrope","甜 (粉甜) /★★","香草杏仁感 /★★★","★★","香草、杏仁、粉感、温暖","/images/smell/花香调/天芥菜.png","花香调","15/10/2025 00:00:00","15/10/2025 00:00:00"
"87","紫丁香","Lilac","甜 (花甜) /★★","簇拥粉感 /★★★","★★","紫色、春天、簇生、清新","/images/smell/花香调/紫丁香.png","花香调","15/10/2025 00:00:00","15/10/2025 00:00:00"
"88","康乃馨","Carnation","辣 (辛香) /★★★","丁香酚暖感 /★★★","★★★★","复古、香石竹、温暖辛辣","/images/smell/花香调/康乃馨.png","花香调","15/10/2025 00:00:00","15/10/2025 00:00:00"
"89","兰花","Orchid","甜 (花甜) /★★","蜡质异域感 /★★","★★","优雅、热带、细腻、温室","/images/smell/花香调/兰花.png","花香调","15/10/2025 00:00:00","15/10/2025 00:00:00"
"90","水仙花","Narcissus","甜 (青甜) /★★","青苦绿感 /★★★","★★★","清冷、水仙头、早春、腥感","/images/smell/花香调/水仙花.png","花香调","15/10/2025 00:00:00","15/10/2025 00:00:00"
"91","风信子","Hyacinth","甜 (蜡甜) /★★★","尖锐绿感 /★★★","★★★","浓郁、石蜡感、春日花坛","/images/smell/花香调/风信子.png","花香调","15/10/2025 00:00:00","15/10/2025 00:00:00"
"92","含羞草","Mimosa","甜 (粉甜) /★★","绒毛粉感 /★★","★★","黄色、柔和、阳光、粉状","/images/smell/花香调/含羞草.png","花香调","15/10/2025 00:00:00","15/10/2025 00:00:00"
"93","睡莲","Water Lily","淡甜 (花甜) /★","水闷朦胧感 /★★","★","水生、淡雅、静湖、含蓄","/images/smell/花香调/睡莲.png","花香调","15/10/2025 00:00:00","15/10/2025 00:00:00"
"94","仙客来","Cyclamen","淡甜 (花甜) /★","羞涩垂坠感 /★","★","下垂花瓣、室内盆栽、淡香","/images/smell/花香调/仙客来.png","花香调","15/10/2025 00:00:00","15/10/2025 00:00:00"
"95","黄兰","Champaca","甜 (茶甜) /★★★★","醇厚发酵感 /★","★★★","乌龙茶、芒果、金色寺庙","/images/smell/花香调/黄兰.png","花香调","15/10/2025 00:00:00","15/10/2025 00:00:00"
"96","樱花","Cherry Blossom","淡甜 (花甜) /★","短暂脆弱感 /★★","★","淡粉、春日、落英、含蓄","/images/smell/花香调/樱花.png","花香调","15/10/2025 00:00:00","15/10/2025 00:00:00"
"97","棉花","Cotton Flower","淡甜 (粉甜) /★","纤维洁净感 /★★","★","干净、柔软、洁白、温和","/images/smell/花香调/棉花.png","花香调","15/10/2025 00:00:00","15/10/2025 00:00:00"
"98","塔伊夫玫瑰","Taif Rose","甜 (水晶甜) /★★★★","矿物冷感 /★","★★★★","清透、宝石、沙漠玫瑰","/images/smell/花香调/塔伊夫玫瑰.png","花香调","15/10/2025 00:00:00","15/10/2025 00:00:00"
"99","椴树花","Lime/Linden Blossom","甜 (蜂蜜甜) /★★★","镇静药感 /★","★★","菩提茶、阳光、疗愈","/images/smell/花香调/椴树花.png","花香调","15/10/2025 00:00:00","15/10/2025 00:00:00"
"100","桃花","Peach Blossom","淡甜 (花甜) /★","绒毛粉感 /★","★","淡粉、果园、春寒、羞涩","/images/smell/花香调/桃花.png","花香调","15/10/2025 00:00:00","15/10/2025 00:00:00"
"101","风铃草","Bellflower","淡甜 (花甜) /★","铃形悬垂感 /★","★","蓝色、野花、淡雅、铃形","/images/smell/花香调/风铃草.png","花香调","15/10/2025 00:00:00","15/10/2025 00:00:00"
"102","月季","China Rose","甜 (花甜) /★★","四季常青感 /★★","★★","中国、淡雅、月月开、含蓄","/images/smell/花香调/月季.png","花香调","15/10/2025 00:00:00","15/10/2025 00:00:00"
"103","木槿","Hibiscus","酸 (果酸) /★★★","单宁涩感 /★","★★","酸莓、果茶、热带红瓣","/images/smell/花香调/木槿.png","花香调","15/10/2025 00:00:00","15/10/2025 00:00:00"
"104","紫藤","Wisteria","甜 (葡萄甜) /★★","垂坠水感 /★","★★","藤蔓、淡紫、春日瀑布","/images/smell/花香调/紫藤.png","花香调","15/10/2025 00:00:00","15/10/2025 00:00:00"
"105","苹果花","Apple Blossom","淡甜 (花甜) /★","果园绿意感 /★","★","淡粉、春寒、果园、含蓄","/images/smell/花香调/苹果花.png","花香调","15/10/2025 00:00:00","15/10/2025 00:00:00"
"106","三叶草","Clover","甜 (草甜) /★★","草地青绿感 /★★★","★★","草地、幸运、绿意、温和","/images/smell/花香调/三叶草.png","花香调","15/10/2025 00:00:00","15/10/2025 00:00:00"
"107","山茶花","Camellia","淡甜 (茶甜) /★★","蜡质含蓄感 /★★","★★","无香品种、茶香、东方","/images/smell/花香调/山茶花.png","花香调","15/10/2025 00:00:00","15/10/2025 00:00:00"
"108","英国金盏花","English Marigold","苦 (药苦) /★★","辛香暖感 /★★","★★","药草、黄色、温暖草本","/images/smell/花香调/英国金盏花.png","花香调","15/10/2025 00:00:00","15/10/2025 00:00:00"
"109","郁金香","Tulip","淡甜 (花甜) /★","杯状清冷感 /★","★","杯形、春寒、花园、含蓄","/images/smell/花香调/郁金香.png","花香调","15/10/2025 00:00:00","15/10/2025 00:00:00"
"110","梅花","Plum Blossom","甜 (花甜) /★★","冷冽坚韧感 /★★","★★","清冷、早春、淡香、枝干","/images/smell/花香调/梅花.png","花香调","15/10/2025 00:00:00","15/10/2025 00:00:00"
"111","烟草花","Tobacco Blossom","甜 (花甜) /★★★","植株青绿感 /★★","★★","淡雅、白花、甜美、植株","/images/smell/花香调/烟草花.png","花香调","15/10/2025 00:00:00","15/10/2025 00:00:00"
"112","茉莉","Jasmine","甜 (动物甜) /★★★★","吲哚腥臊感 /★★★★","★★★★★","夜色、肉欲、茶香、印度庙宇","/images/smell/花香调/茉莉.png","花香调","15/10/2025 00:00:00","15/10/2025 00:00:00"
"113","橙花","Orange Blossom","苦 (清苦) /★★★","皂感洁净感 /★★★★","★★★★","新娘头纱、苦橙叶、地中海","/images/smell/花香调/橙花.png","花香调","15/10/2025 00:00:00","15/10/2025 00:00:00"
"114","晚香玉","Tuberose","甜 (脂甜) /★★★★","腐败油脂感 /★★★","★★★★","白花女王、热带夜晚、肉欲","/images/smell/花香调/晚香玉.png","花香调","15/10/2025 00:00:00","15/10/2025 00:00:00"
"115","栀子花","Gardenia","甜 (奶甜) /★★★★","黄油绵密感 /★★","★★★★","南方庭院、奶油冰淇淋、绵密","/images/smell/花香调/栀子花.png","花香调","15/10/2025 00:00:00","15/10/2025 00:00:00"
"116","百合","Lily","甜 (花甜) /★★★★","花粉粉扑感 /★★★★","★★★★","葬礼花束、柱头香、东方仪式","/images/smell/花香调/百合.png","花香调","15/10/2025 00:00:00","15/10/2025 00:00:00"
"117","忍冬","Honeysuckle","甜 (花甜) /★★★","藤蔓蜜糖感 /★★★","★★★","金银花、攀援、甘甜、夏夜","/images/smell/花香调/忍冬.png","花香调","15/10/2025 00:00:00","15/10/2025 00:00:00"
"118","鸡蛋花","Frangipani","甜 (鸡蛋甜) /★★★","椰奶感 /★★","★★★","热带岛屿、树生、度假风情","/images/smell/花香调/鸡蛋花.png","花香调","15/10/2025 00:00:00","15/10/2025 00:00:00"
"119","吲哚","Indole","动物感 /★★★★★","粪便腐败感 /★★★★★","★★★★★","浓度定香臭、茉莉基石","/images/smell/花香调/吲哚.png","花香调","15/10/2025 00:00:00","15/10/2025 00:00:00"
"120","洋槐","Black Locust","甜 (蜜甜) /★★★","串状垂坠感 /★★★","★★★","串状白花、甜美、春末","/images/smell/花香调/洋槐.png","花香调","15/10/2025 00:00:00","15/10/2025 00:00:00"
"121","西柚花","Grapefruit Blossom","甜 (花甜) /★★","柑橘叶绿感 /★★","★★","柑橘、清新、白花、淡雅","/images/smell/花香调/西柚花.png","花香调","15/10/2025 00:00:00","15/10/2025 00:00:00"
"122","柠檬花","Lemon Blossom","甜 (花甜) /★★","果园绿意感 /★★","★★","清新、柑橘、洁白、果园","/images/smell/花香调/柠檬花.png","花香调","15/10/2025 00:00:00","15/10/2025 00:00:00"
"123","曼陀罗","Datura","甜 (花甜) /★★★","喇叭剧毒感 /★★★","★★★","喇叭状、有毒、神秘、夜晚","/images/smell/花香调/曼陀罗.png","花香调","15/10/2025 00:00:00","15/10/2025 00:00:00"
"124","姜花","Hedychium Coronarium","甜 (花甜) /★★★","蝴蝶白糯感 /★★★","★★★","蝴蝶状、糯香、热带、清新","/images/smell/花香调/姜花.png","花香调","15/10/2025 00:00:00","15/10/2025 00:00:00"
"125","昙花","Night Blooming Cereus","甜 (蜜甜) /★★★★","瞬凋遗憾感 /★★★★","★★★★","月下美人、一夜凋零、神秘","/images/smell/花香调/昙花.png","花香调","15/10/2025 00:00:00","15/10/2025 00:00:00"
"126","橘子花","Mandarin Orange Blossom","甜 (花甜) /★★★","簇生柑橘感 /★★★","★★★","甜美、柑橘、簇生、春盛","/images/smell/花香调/橘子花.png","花香调","15/10/2025 00:00:00","15/10/2025 00:00:00"
"127","千金子藤","Stephanotis","甜 (花甜) /★★★★","婚礼缠绕感 /★★★★","★★★★","新娘捧花、藤本、纯洁","/images/smell/花香调/千金子藤.png","花香调","15/10/2025 00:00:00","15/10/2025 00:00:00"
"128","卡罗花","Karo-Karoude","甜 (花甜) /★★★","新西兰烈阳感 /★★★","★★★","新西兰、烈阳、灌木、浓香","/images/smell/花香调/卡罗花.png","花香调","15/10/2025 00:00:00","15/10/2025 00:00:00"
"129","马蹄莲","Arum Lily","淡甜 (花甜) /★","简洁线条感 /★","★","简洁、禅意、线条、现代","/images/smell/花香调/马蹄莲.png","花香调","15/10/2025 00:00:00","15/10/2025 00:00:00"
"130","月光花","Moon Flower","甜 (花甜) /★★★","夜开羞涩感 /★★★","★★★","夜晚、洁白、藤本、淡香","/images/smell/花香调/月光花.png","花香调","15/10/2025 00:00:00","15/10/2025 00:00:00"
"131","柑桔花","Tangerine Blossom","甜 (花甜) /★★","薄皮挥发感 /★★","★★","甜美、易逝、柑橘、春末","/images/smell/花香调/柑桔花.png","花香调","15/10/2025 00:00:00","15/10/2025 00:00:00"
"132","山梅花","Mock Orange","甜 (花甜) /★★★","水汽清新感 /★★★","★★★","橙花近亲、雨后、水雾洁白","/images/smell/花香调/山梅花.png","花香调","15/10/2025 00:00:00","15/10/2025 00:00:00"
"133","橙花水","Orange Flower Water","苦 (清苦) /★★","古龙皂感 /★★★","★★","苦橙叶、洁净、清爽","/images/smell/花香调/橙花水.png","花香调","15/10/2025 00:00:00","15/10/2025 00:00:00"
"134","假虎刺","Carissa","甜 (花甜) /★★★","星形冷冽感 /★★★","★★★","热带星瓣、乳香锐利、夜间","/images/smell/花香调/假虎刺.png","花香调","15/10/2025 00:00:00","15/10/2025 00:00:00"
"135","长寿花","Jonquil","甜 (花甜) /★★★","青茎簇生感 /★★★","★★★","水仙变种、簇生青茎、早春","/images/smell/花香调/长寿花.png","花香调","15/10/2025 00:00:00","15/10/2025 00:00:00"
"136","亚马逊月光花","Amazon Moonflower","甜 (花甜) /★★★★","稀薄空气感 /★★★","★★★★","雨林夜雾、巨型白瓣、瞬凋","/images/smell/花香调/亚马逊月光花.png","花香调","15/10/2025 00:00:00","15/10/2025 00:00:00"
"137","绿茶","Tea","苦/ ★★★","辣/（烟熏感）★★","★★★","干燥、烘焙、微涩、醇厚","/images/smell/绿叶调/绿茶.png","绿叶调","15/10/2025 00:00:00","15/10/2025 00:00:00"
"138","薄荷","Mint","辣/（清凉感）★★★★★","-","★★★★","尖锐、透亮、提神、刺激","/images/smell/绿叶调/薄荷.png","绿叶调","15/10/2025 00:00:00","15/10/2025 00:00:00"
"139","烟草","Tobacco","苦/ ★★★","甜/ ★★","★★★⯪","干燥、坚果、醇厚、烟熏","/images/smell/绿叶调/烟草.png","绿叶调","15/10/2025 00:00:00","15/10/2025 00:00:00"
"140","罗勒","Basil","辣（辛香）/★★★","甜 /★★","★★★","茴香、甘草、清新绿意","/images/smell/绿叶调/罗勒.png","绿叶调","15/10/2025 00:00:00","15/10/2025 00:00:00"
"141","杜松子","Juniper Berries","辣（辛凉）/★★★","苦 /★★","★★★⯪","松木、洁净、略带胡椒感","/images/smell/绿叶调/杜松子.png","绿叶调","15/10/2025 00:00:00","15/10/2025 00:00:00"
"142","青草","Grass","苦/ ★★★","酸（青酸）/★","★★★","鲜割草场、绿色、泥土感","/images/smell/绿叶调/青草.png","绿叶调","15/10/2025 00:00:00","15/10/2025 00:00:00"
"143","大黄","Rhubarb","酸 /★★★","甜/ ★★★","★★","多汁、清爽、草莓般果酸","/images/smell/绿叶调/大黄.png","绿叶调","15/10/2025 00:00:00","15/10/2025 00:00:00"
"144","醋栗叶","Currant leaf and bud","酸（青酸）/★★★","苦/ ★★","★★★","黑醋栗、绿意、微涩","/images/smell/绿叶调/醋栗叶.png","绿叶调","15/10/2025 00:00:00","15/10/2025 00:00:00"
"145","无花果叶","Fig Leaf","甜（奶甜）/★★","苦 /★","★★⯪","椰奶、青绿、温和","/images/smell/绿叶调/无花果叶.png","绿叶调","15/10/2025 00:00:00","15/10/2025 00:00:00"
"146","鼠尾草","Sage","苦/ ★★★","辣（药感）/★★","★★★","樟脑、草药、温暖、泥土","/images/smell/绿叶调/鼠尾草.png","绿叶调","15/10/2025 00:00:00","15/10/2025 00:00:00"
"147","迷迭香","Rosemary","辣（清凉辛辣）/★★★","苦 /★★","★★★⯪","尖锐、松木、穿透力强","/images/smell/绿叶调/迷迭香.png","绿叶调","15/10/2025 00:00:00","15/10/2025 00:00:00"
"148","紫罗兰叶","Violet Leaf","苦 /★★★","酸（青瓜酸）/★","★★★","湿润、黄瓜般、清新绿意","/images/smell/绿叶调/紫罗兰叶.png","绿叶调","15/10/2025 00:00:00","15/10/2025 00:00:00"
"149","快乐鼠尾草","Clary Sage","苦 /★★","甜（坚果甜）/★★","★★★","坚果、药香、舒缓、温暖","/images/smell/绿叶调/快乐鼠尾草.png","绿叶调","15/10/2025 00:00:00","15/10/2025 00:00:00"
"150","当归","Angelica","苦 /★★★","辣（药辛）/★★","★★★⯪","根系、麝香、泥土、芹菜般","/images/smell/绿叶调/当归.png","绿叶调","15/10/2025 00:00:00","15/10/2025 00:00:00"
"151","苦艾","Wormwood","苦 /★★★★★","辣（清冷辛）/★★★","★★★★","尖锐、草药、茴香、极具穿透力","/images/smell/绿叶调/苦艾.png","绿叶调","15/10/2025 00:00:00","15/10/2025 00:00:00"
"152","马黛茶","Mate","苦/ ★★★","辣（烟熏感）/★★","★★★","干燥、烟熏、微涩、茶香","/images/smell/绿叶调/马黛茶.png","绿叶调","15/10/2025 00:00:00","15/10/2025 00:00:00"
"153","艾蒿","Artemisia","苦 /★★★★","辣（清苦辛）/★","★★★","柔和苦绿、樟脑、草药","/images/smell/绿叶调/艾蒿.png","绿叶调","15/10/2025 00:00:00","15/10/2025 00:00:00"
"154","不凋花","Immortelle","甜（焦糖甜）/★★★★","苦 /★","★★★⯪","蜂蜜、枫糖、干草、温暖","/images/smell/绿叶调/不凋花.png","绿叶调","15/10/2025 00:00:00","15/10/2025 00:00:00"
"155","洋甘菊","Chamomile","甜（果甜）/★★","苦 /★","★★","苹果、花香、柔和、淡雅","/images/smell/绿叶调/洋甘菊.png","绿叶调","15/10/2025 00:00:00","15/10/2025 00:00:00"
"156","海藻","Seaweed","咸 /★★★★","苦 /★★","★★★★","海洋、咸腥、潮湿、矿物感","/images/smell/绿叶调/海藻.png","绿叶调","15/10/2025 00:00:00","15/10/2025 00:00:00"
"157","番茄叶","Tomato Leaf","苦/ ★★★★","辣（青绿感）/★★","★★★⯪","植物茎叶、尖锐、写实绿意","/images/smell/绿叶调/番茄叶.png","绿叶调","15/10/2025 00:00:00","15/10/2025 00:00:00"
"158","百里香","Thyme","辣（温和辛）/★★","苦 /★★","★★★","清新、胡椒、木质、药草","/images/smell/绿叶调/百里香.png","绿叶调","15/10/2025 00:00:00","15/10/2025 00:00:00"
"159","人参","Ginseng","苦 /★★","甜（甘草甜）/★","★★⯪","土壤、根系、草药、微甜","/images/smell/绿叶调/人参.png","绿叶调","15/10/2025 00:00:00","15/10/2025 00:00:00"
"160","干草","Hay","苦 /★★","甜（干草甜）/★","★★★","阳光、干燥、烟熏、茶香","/images/smell/绿叶调/干草.png","绿叶调","15/10/2025 00:00:00","15/10/2025 00:00:00"
"161","山丝苗","Cannabis","辣（辛麻）/★★★","苦 /★★","★★★⯪","青草、胡椒、泥土、独特","/images/smell/绿叶调/山丝苗.png","绿叶调","15/10/2025 00:00:00","15/10/2025 00:00:00"
"162","菊花","Chrysanthemum","苦 /★★","甜（花甜）/★","★★⯪","清雅、药草、花草茶、淡香","/images/smell/绿叶调/菊花.png","绿叶调","15/10/2025 00:00:00","15/10/2025 00:00:00"
"163","广藿香","Patchouli","苦（药苦）/★★★","土腥感 /★★","★★★⯪","泥土、霉陈、草药、深邃","/images/smell/绿叶调/广藿香.png","绿叶调","15/10/2025 00:00:00","15/10/2025 00:00:00"
"164","香根草","Vetiver","苦（壤苦）/★★★","烟熏感 /★★","★★★","土壤、根茎、烟叶、干燥","/images/smell/绿叶调/香根草.png","绿叶调","15/10/2025 00:00:00","15/10/2025 00:00:00"
"165","苦艾蒿","Santolina","苦（强烈苦）/★★★","辣（药辛）/★","★★★","草药、尖锐、樟脑、绿意","/images/smell/绿叶调/苦艾蒿.png","绿叶调","15/10/2025 00:00:00","15/10/2025 00:00:00"
"166","纸莎草","Papyrus","苦（干苦）/★★","烟熏感/ ★","★★","干燥、草本、纸张、烟熏","/images/smell/绿叶调/纸莎草.png","绿叶调","15/10/2025 00:00:00","15/10/2025 00:00:00"
"167","莎草","Cypriol","苦（药苦）/★★","土腥感 /★★","★★★","干燥、根茎、木质、皮革","/images/smell/绿叶调/莎草.png","绿叶调","15/10/2025 00:00:00","15/10/2025 00:00:00"
"168","檀香木","Sandalwood","甜（奶甜）/★★★","苦（木苦）/★","★★★","丝滑、乳香、温暖、沉稳","/images/smell/木质调/檀香木.png","木质调","15/10/2025 00:00:00","15/10/2025 00:00:00"
"169","雪松","Cedar","甜（干甜）/★★","苦（木苦）★★","★★★","干燥、铅笔屑、烟熏、洁净","/images/smell/木质调/雪松.png","木质调","15/10/2025 00:00:00","15/10/2025 00:00:00"
"170","沉香(乌木)","Agarwood (Oud)","苦（药苦）/★★★★","甜（蜜甜）/★★","★★★★","树脂、发酵感、动物感、浓郁","/images/smell/木质调/沉香.png","木质调","15/10/2025 00:00:00","15/10/2025 00:00:00"
"171","橡木苔","Oakmoss","苦（青苦）/★★★","土腥感 /★★","★★★","森林、潮湿、苔藓、绿意","/images/smell/木质调/橡木苔.png","木质调","15/10/2025 00:00:00","15/10/2025 00:00:00"
"172","愈创木","Guaiac Wood","甜（烟甜）/★★","辣（烟熏感）/★★","★★★","烟熏、皮革、微焦、温暖","/images/smell/木质调/愈创木.png","木质调","15/10/2025 00:00:00","15/10/2025 00:00:00"
"173","柏树","Cypress","苦（清苦）/★★","辣（凉感）/★","★★★","洁净、树脂、绿意、肃穆","/images/smell/木质调/柏树.png","木质调","15/10/2025 00:00:00","15/10/2025 00:00:00"
"174","松树","Pine Tree","辣（清凉）/★★★","苦（清苦）/★","★★★⯪","松脂、清新、尖锐、通透","/images/smell/木质调/松树.png","木质调","15/10/2025 00:00:00","15/10/2025 00:00:00"
"175","开司米木","Cashmir wood","甜（粉甜）/★★","-","★★","麝香、粉感、温和、贴肤","/images/smell/木质调/开司米木.png","木质调","15/10/2025 00:00:00","15/10/2025 00:00:00"
"176","橡木","Oak","苦（木苦）/★★","辣（酒辛）/★","★★★","酒桶、单宁、干燥、坚实","/images/smell/木质调/橡木.png","木质调","15/10/2025 00:00:00","15/10/2025 00:00:00"
"177","冷杉","Fir","辣（清凉）/★★","苦（清苦）/★","★★★","松针、绿意、清新、森林感","/images/smell/木质调/冷杉.png","木质调","15/10/2025 00:00:00","15/10/2025 00:00:00"
"178","桦木","Birch","辣（焦辛）/★★★","甜（焦糖甜）/★","★★★","皮革、烟熏、略带药感","/images/smell/木质调/桦木.png","木质调","15/10/2025 00:00:00","15/10/2025 00:00:00"
"179","巴西红木","Brazilian Rosewood","甜（花甜）/★★","苦（木苦）/★★","★★★⯪","玫瑰、木质、温暖、细腻","/images/smell/木质调/巴西红木.png","木质调","15/10/2025 00:00:00","15/10/2025 00:00:00"
"180","尤加利","Eucalyptus","辣（清凉）/★★★★","-","★★★★","尖锐、药感、提神、通透","/images/smell/木质调/尤加利.png","木质调","15/10/2025 00:00:00","15/10/2025 00:00:00"
"181","竹子","Bamboo","苦（青苦）/★","-","★★","清新、绿意、水润、淡雅","/images/smell/木质调/竹子.png","木质调","15/10/2025 00:00:00","15/10/2025 00:00:00"
"182","无花果树","Fig tree","甜（奶甜）/★★","绿意感/ ★","★★","椰奶、木本、温和、清新","/images/smell/木质调/无花果树.png","木质调","15/10/2025 00:00:00","15/10/2025 00:00:00"
"183","苔藓","Moss","土腥感 /★★★","苦（青苦）/★","★★","潮湿、阴凉、森林、大地","/images/smell/木质调/苔藓.png","木质调","15/10/2025 00:00:00","15/10/2025 00:00:00"
"184","琥珀木","Amberwood","甜（蜜甜）/★★★","辣（辛香）/★","★★★","温暖、树脂、香草、粉感","/images/smell/木质调/琥珀木.png","木质调","15/10/2025 00:00:00","15/10/2025 00:00:00"
"185","绿檀木","Palo Santo","甜（柑橘甜）/★★","辣（烟熏感）/★","★★★","柠檬、熏木、清新、神圣感","/images/smell/木质调/绿檀木.png","木质调","15/10/2025 00:00:00","15/10/2025 00:00:00"
"186","黑檀","Ebony tree","苦（沉苦）/★★★","-","★★★","深邃、干燥、沉重、坚实","/images/smell/木质调/黑檀.png","木质调","15/10/2025 00:00:00","15/10/2025 00:00:00"
"187","黑檀红木","Palisander Rosewood","甜（粉甜）/★★","苦（木苦）/★","★★★","花香、粉感、木质、柔和","/images/smell/木质调/黑檀红木.png","木质调","15/10/2025 00:00:00","15/10/2025 00:00:00"
"188","桃花心木","Mahogany","甜（醇甜）/★★","苦（木苦）/★","★★★","红色木质、温暖、圆润","/images/smell/木质调/桃花心木.png","木质调","15/10/2025 00:00:00","15/10/2025 00:00:00"
"189","日本扁柏木","Hinoki Wood","辣（清凉）/★★","苦（清苦）/★","★★★","柠檬、宁静、木质、寺庙感","/images/smell/木质调/日本扁柏木.png","木质调","15/10/2025 00:00:00","15/10/2025 00:00:00"
"190","柚木","Teak Wood","苦（油苦）/★★","甜（油润感）/★","★★★","油润、皮革、坚硬、持久","/images/smell/木质调/柚木.png","木质调","15/10/2025 00:00:00","15/10/2025 00:00:00"
"191","阿米香树花","Amyris","甜（奶甜）/★","-","★★","温和、木质、略似檀香","/images/smell/木质调/阿米香树花.png","木质调","15/10/2025 00:00:00","15/10/2025 00:00:00"
"192","浮木","Driftwood","咸 /★★","苦（干苦）/★★","★★","海水、盐渍、干燥、风化感","/images/smell/木质调/浮木.png","木质调","15/10/2025 00:00:00","15/10/2025 00:00:00"
"193","樟树","Ho Wood","辣（清凉）/★★★","甜（花甜）/★","★★★","樟脑、玫瑰、木质、清新","/images/smell/木质调/樟树.png","木质调","15/10/2025 00:00:00","15/10/2025 00:00:00"
"194","橄榄树","Olive Tree","苦（青苦）/★","绿意感 /★","★★","叶片、苦涩、地中海风情","/images/smell/木质调/橄榄树.png","木质调","15/10/2025 00:00:00","15/10/2025 00:00:00"
"195","枫树","Maple","甜（糖甜）/★★★","-","★★","糖浆、温暖、美食感","/images/smell/木质调/枫树.png","木质调","15/10/2025 00:00:00","15/10/2025 00:00:00"
"196","厚壳桂","Massoia","甜（椰奶甜）/★★★★","-","★★★","椰奶、香草、浓郁、美食调","/images/smell/木质调/厚壳桂.png","木质调","15/10/2025 00:00:00","15/10/2025 00:00:00"
"197","红杉","Sequoia","甜（树脂甜）/★★","苦（木苦）/★★","★★★","巨大、古老、树脂、温暖","/images/smell/木质调/红杉.png","木质调","15/10/2025 00:00:00","15/10/2025 00:00:00"
"198","迈索尔檀香","Mysore Sandalwood","甜（奶甜）/★★★★","-","★★★⯪","顶级、醇厚、乳香、神圣","/images/smell/木质调/迈索尔檀香.png","木质调","15/10/2025 00:00:00","15/10/2025 00:00:00"
"199","梦木","Dreamwood","甜（粉甜）/★★","辣（辛香）/★","★★","琥珀、香草、温和、梦幻","/images/smell/木质调/梦木.png","木质调","15/10/2025 00:00:00","15/10/2025 00:00:00"
"200","云杉","Spruce","辣（清新凉）/★★","苦（清苦）/★","★★★","松针、清新、森林、树脂","/images/smell/木质调/云杉.png","木质调","15/10/2025 00:00:00","15/10/2025 00:00:00"
"201","李子树","Plum Tree","酸 /★★★","甜（果甜）/★★","★★","多汁、成熟果实、绿意","/images/smell/木质调/李子树.png","木质调","15/10/2025 00:00:00","15/10/2025 00:00:00"
"202","铁杉木","Tsuga","苦（清苦）/★★","辣（凉感）/★","★★★","松木、苦涩、略带药感","/images/smell/木质调/铁杉木.png","木质调","15/10/2025 00:00:00","15/10/2025 00:00:00"
"203","胡椒树","Peppertree","辣（胡椒辛）/★★★","-","★★★","辛辣、干燥、清新木本","/images/smell/木质调/胡椒树.png","木质调","15/10/2025 00:00:00","15/10/2025 00:00:00"
"204","金香木","Nag Champa","甜（粉甜）/★★★","辣（花香辛）/★","★★★★","东方调、花香、麝香、寺庙香","/images/smell/木质调/金香木.png","木质调","15/10/2025 00:00:00","15/10/2025 00:00:00"
"205","咖喱树","Curry tree","辣（清苦辛）/★★","酸（柑橘酸）/★","★★★","柑橘、咖喱叶、清新辛辣","/images/smell/木质调/咖喱树.png","木质调","15/10/2025 00:00:00","15/10/2025 00:00:00"
"206","焚香","Incense","辣（烟熏感）/★★★","甜（脂甜）/★","★★★★","宗教感、干燥烟雾、温暖、静谧","/images/smell/东方调/焚香.png","东方调","15/10/2025 00:00:00","15/10/2025 00:00:00"
"207","乳香","Olibanum","甜（柠檬甜）/★★","辣（清辛）/★","★★★","清新、柑橘感、木质、教堂氛围","/images/smell/东方调/乳香.png","东方调","15/10/2025 00:00:00","15/10/2025 00:00:00"
"208","安息香脂","Benzoin","甜（香草甜）/★★★★","-","★★★","香草、焦糖、温暖、膏感","/images/smell/东方调/安息香脂.png","东方调","15/10/2025 00:00:00","15/10/2025 00:00:00"
"209","没药","Myrrh","苦（药苦）/★★★","甜（烟甜）/★","★★★","中药、烟熏、深邃、肃穆","/images/smell/东方调/没药.png","东方调","15/10/2025 00:00:00","15/10/2025 00:00:00"
"210","劳丹脂","Labdanum","甜（琥珀甜）/★★★","动物感 /★★","★★★⯪","皮革、麝香、温暖、复古","/images/smell/东方调/劳丹脂.png","东方调","15/10/2025 00:00:00","15/10/2025 00:00:00"
"211","红没药","Opoponax","甜（蜜甜）/★★","辣（辛甜）/★","★★★","蜂蜜、淡雅没药、温和辛香","/images/smell/东方调/红没药.png","东方调","15/10/2025 00:00:00","15/10/2025 00:00:00"
"212","安息香","Styrax","甜（焦糖甜）/★★★","辣（烟熏感）/★","★★★⯪","苏合香、甜腻、膏脂感","/images/smell/东方调/安息香.png","东方调","15/10/2025 00:00:00","15/10/2025 00:00:00"
"213","榄香脂","Elemi","辣（胡椒辛）/★★★","酸（柠檬酸）/★","★★★","柠檬、胡椒、清新、绿意","/images/smell/东方调/榄香脂.png","东方调","15/10/2025 00:00:00","15/10/2025 00:00:00"
"214","冰片","Borneol","辣（清凉）/★★★★","-","★★★★","樟脑、薄荷般、尖锐、提神","/images/smell/东方调/冰片.png","东方调","15/10/2025 00:00:00","15/10/2025 00:00:00"
"215","妥鲁香脂","Tolu Balsam","甜（香草甜）/★★★","-","★★★","樱桃、香草、甜润、膏脂","/images/smell/东方调/妥鲁香脂.png","东方调","15/10/2025 00:00:00","15/10/2025 00:00:00"
"216","秘鲁香脂","Peru Balsam","甜（香草甜）/★★★","烟熏感 /★","★★★","巧克力、香草、安息香近亲","/images/smell/东方调/秘鲁香脂.png","东方调","15/10/2025 00:00:00","15/10/2025 00:00:00"
"217","樟脑","Camphor","辣（清凉）/★★★★★","-","★★★★","药箱、强烈穿透、刺鼻","/images/smell/东方调/樟脑.png","东方调","15/10/2025 00:00:00","15/10/2025 00:00:00"
"218","杜松油","Cade oil","辣（焦油感）/★★★★","烟熏感 /★★★","★★★★","柏油、烟熏烤肉、烧焦木材","/images/smell/东方调/杜松油.png","东方调","15/10/2025 00:00:00","15/10/2025 00:00:00"
"219","古云香脂","Gurjun Balsam","苦（药苦）/★★","木质感 /★★","★★★","东印度檀香、干燥、皮革","/images/smell/东方调/古云香脂.png","东方调","15/10/2025 00:00:00","15/10/2025 00:00:00"
"220","库配巴香脂","Copahu Balm","苦（药苦）/★","-","★★","淡雅树脂、轻微药感、温和","/images/smell/东方调/库配巴香脂.png","东方调","15/10/2025 00:00:00","15/10/2025 00:00:00"
"221","松焦油","Pine Tar","辣（焦油感）/★★★★★","烟熏感 /★★★★","★★★★★","浓郁焦油、烟熏、消毒水、篝火","/images/smell/东方调/松焦油.png","东方调","15/10/2025 00:00:00","15/10/2025 00:00:00"
"222","古巴香脂","Copaiba Balm","甜（淡甜）/★","-","★⯪","极其温和、轻微木香、淡雅","/images/smell/东方调/古巴香脂.png","东方调","15/10/2025 00:00:00","15/10/2025 00:00:00"
"223","加拿大香树脂","Canadian Balsam","甜（松脂甜）/★★","辣（清辛）/★","★★★","松树、透明、淡琥珀感","/images/smell/东方调/加拿大香树脂.png","东方调","15/10/2025 00:00:00","15/10/2025 00:00:00"
"224","柯巴脂","Copal","甜（柠檬甜）/★★","辣（烟熏感）/★","★★★⯪","年轻琥珀、明亮、树脂感强","/images/smell/东方调/柯巴脂.png","东方调","15/10/2025 00:00:00","15/10/2025 00:00:00"
"225","印度乳香","Choya Loban","辣（烟熏感）/★★★","苦（炙烤苦）/★★","★★★★","炙烤乳香、强烈烟熏、炭火","/images/smell/东方调/印度乳香.png","东方调","15/10/2025 00:00:00","15/10/2025 00:00:00"
"226","龙血树脂","Dragon's Blood","甜（琥珀甜）/★★","辣（微辛）/★","★★★","红色、淡雅、轻微果甜、神秘","/images/smell/东方调/龙血树脂.png","东方调","15/10/2025 00:00:00","15/10/2025 00:00:00"
"227","白松香","Galbanum","苦 /★★★★","辣（绿感）/★★★","★★★★","强烈、树脂、烟熏、土壤感","/images/smell/东方调/白松香.png","东方调","15/10/2025 00:00:00","15/10/2025 00:00:00"
"228","香草","Vanilla","甜(奶甜)/★★★★","-","★★★","香草荚、冰淇淋、温暖、美食感","/images/smell/东方调/香草.png","东方调","15/10/2025 00:00:00","15/10/2025 00:00:00"
"229","胡椒","Pepper","辣(灼热辛)/★★★★","-","★★★⯪","干燥、尖锐、辛辣、穿透力强","/images/smell/东方调/胡椒.png","东方调","15/10/2025 00:00:00","15/10/2025 00:00:00"
"230","粉红胡椒","Pink Pepper","辣(果辛)/★","甜(浆果甜)/★","★★★","清新、松木、微甜、略似杜松","/images/smell/东方调/粉红胡椒.png","东方调","15/10/2025 00:00:00","15/10/2025 00:00:00"
"231","零陵香豆","Tonka Bean","甜(杏仁甜)/★★★","辣(烟熏感)/★","★★★","香草、杏仁、干草、coumarin","/images/smell/东方调/零陵香豆.png","东方调","15/10/2025 00:00:00","15/10/2025 00:00:00"
"232","肉桂","Cinnamon","甜(焦糖辛)/★★★","辣(温暖辛)/★★","★★★★","温暖、烘焙、甜点、节日感","/images/smell/东方调/肉桂.png","东方调","15/10/2025 00:00:00","15/10/2025 00:00:00"
"233","生姜","Ginger","辣(清新辛)/★★★","-","★★★","鲜活、尖锐、暖意、略带柠檬感","/images/smell/东方调/生姜.png","东方调","15/10/2025 00:00:00","15/10/2025 00:00:00"
"234","小豆蔻","Cardamom","辣(清凉辛)/★★★","甜(花香甜)/★","★★★⯪","桉树、柑橘、花香、清新辛辣","/images/smell/东方调/小豆蔻.png","东方调","15/10/2025 00:00:00","15/10/2025 00:00:00"
"235","藏红花","Saffron","苦(药苦)/★★","甜(蜜甜)/★","★★★","金属感、干燥、昂贵、独特","/images/smell/东方调/藏红花.png","东方调","15/10/2025 00:00:00","15/10/2025 00:00:00"
"236","芫荽(香菜)","Coriander","甜(木甜)/★","-","★★","温和、种子、清淡、略带麝香","/images/smell/东方调/芫荽（香菜）.png","东方调","15/10/2025 00:00:00","15/10/2025 00:00:00"
"237","公丁香","Cloves","辣(尖锐辛)/★★★★","甜(果甜)/★","★★★★","牙医诊所、温暖、浓郁、略带果香","/images/smell/东方调/公丁香.png","东方调","15/10/2025 00:00:00","15/10/2025 00:00:00"
"238","肉豆蔻","Nutmeg","辣(温暖辛)/★★","甜(木甜)/★","★★★","温暖、坚果、略带樟脑感","/images/smell/东方调/肉豆蔻.png","东方调","15/10/2025 00:00:00","15/10/2025 00:00:00"
"239","可可果","Cacao Pod","苦(巧克力苦)/★★","甜(果甜)/★","★★★","巧克力、苦涩、略带果酸","/images/smell/东方调/可可果.png","东方调","15/10/2025 00:00:00","15/10/2025 00:00:00"
"240","八角","Star Anise","甜(甘草甜)/★★★","辣(茴香辛)/★★","★★★★","大料、甘草、茴香、浓郁","/images/smell/东方调/八角.png","东方调","15/10/2025 00:00:00","15/10/2025 00:00:00"
"241","甘草","Licorice","甜(甘草甜)/★★★★","-","★★★","草药、糖浆、持久甜味","/images/smell/东方调/甘草.png","东方调","15/10/2025 00:00:00","15/10/2025 00:00:00"
"242","孜然","Cumin","辣(动物辛)/★★★","酸(汗酸)/★","★★★★","体味、孜然羊肉、温暖、浓郁","/images/smell/东方调/孜然.png","东方调","15/10/2025 00:00:00","15/10/2025 00:00:00"
"243","花椒","Sichuan Pepper","辣(麻感)/★★★★","-","★★★★","刺痛、麻痹、木质、独特","/images/smell/东方调/花椒.png","东方调","15/10/2025 00:00:00","15/10/2025 00:00:00"
"244","葛缕子","Caraway","辣(茴香辛)/★★","甜(籽甜)/★","★★★","类似小茴香、面包、温和","/images/smell/东方调/葛缕子.png","东方调","15/10/2025 00:00:00","15/10/2025 00:00:00"
"245","茴芹","Anise","甜(甘草甜)/★★★","辣(茴香辛)/★★","★★★★","八角近亲、甘草、明亮","/images/smell/东方调/茴芹.png","东方调","15/10/2025 00:00:00","15/10/2025 00:00:00"
"246","月桂叶","Bay Leaf","苦(药苦)/★★","辣(清辛)/★","★★★","草本、茶叶、温暖、炖煮感","/images/smell/东方调/月桂叶.png","东方调","15/10/2025 00:00:00","15/10/2025 00:00:00"
"247","小茴香","Fennel","甜(甘草甜)/★★","辣(茴香辛)/★","★★★","温和、香甜、略似八角","/images/smell/东方调/小茴香.png","东方调","15/10/2025 00:00:00","15/10/2025 00:00:00"
"248","甜椒","Pimento","辣(温暖辛)/★","甜(果甜)/★","★★","多香果、丁香、肉桂复合感","/images/smell/东方调/甜椒.png","东方调","15/10/2025 00:00:00","15/10/2025 00:00:00"
"249","黑胡椒","Black Pepper","辣(干燥辛)/★★★★","-","★★★⯪","经典、干燥、辛辣、基础","/images/smell/东方调/黑胡椒.png","东方调","15/10/2025 00:00:00","15/10/2025 00:00:00"
"250","阿魏","Asafoetida","辣(硫磺辛)/★★★★★★","-","★★★★★","蒜、洋葱、硫磺、强烈穿透","/images/smell/东方调/阿魏.png","东方调","15/10/2025 00:00:00","15/10/2025 00:00:00"
"251","姜黄","Curcuma (Turmeric)","苦(土苦)/★","辣(温暖辛)/★","★★","泥土、木质、轻微姜感","/images/smell/东方调/姜黄.png","东方调","15/10/2025 00:00:00","15/10/2025 00:00:00"
"252","芝麻","Sesame","甜(坚果甜)/★★","-","★★","烘烤、坚果、油脂感","/images/smell/东方调/芝麻.png","东方调","15/10/2025 00:00:00","15/10/2025 00:00:00"
"253","莳萝","Dill","辣(青草辛)/★★","-","★★★","清新、草本的茴香、略带柠檬","/images/smell/东方调/莳萝.png","东方调","15/10/2025 00:00:00","15/10/2025 00:00:00"
"254","酸角","Tamarind","酸/★★★★","甜(果甜)/★","★★★","果脯、开胃、热带水果感","/images/smell/东方调/酸角.png","东方调","15/10/2025 00:00:00","15/10/2025 00:00:00"
"255","南姜","Galangal","辣(姜辣)/★★★","酸(柑橘酸)/★","★★★⯪","尖锐、泥土、比生姜更明亮","/images/smell/东方调/南姜.png","东方调","15/10/2025 00:00:00","15/10/2025 00:00:00"
"256","多香果","Allspice","辣(复合辛)/★★★","甜(木甜)/★","★★★","丁香、肉桂、豆蔻的混合","/images/smell/东方调/多香果.png","东方调","15/10/2025 00:00:00","15/10/2025 00:00:00"
"257","陈皮","Dried Tangerine Peel","酸/★★★","苦(清苦)/★","★★★","柑橘、干燥、草药、开胃","/images/smell/东方调/陈皮.png","东方调","15/10/2025 00:00:00","15/10/2025 00:00:00"
"258","麝香","Musk","甜 (动物性暖甜)/ ★★★★⯪","苦 (粉感微苦)/ ★★","★★★⯪","伪体香、温暖、贴肤、干净、皂感、高级、持久","/images/smell/东方调/雄麋鹿.jpg","东方调","15/10/2025 00:00:00","15/10/2025 00:00:00"
"259","麝猫香","Civet","甜 (腐败感暖甜)/ ★★★★","酸 (发酵感微酸)/ ★★★","★★★★★","强烈、情欲、温暖、复古、稀释后极具魅力","/images/smell/东方调/麝猫.jpg","东方调","15/10/2025 00:00:00","15/10/2025 00:00:00"
"260","黄葵","Ambrette","甜 (麝香甜) / ★★★★⯪","酒酿 (醇厚) / ★★★⯪","★★★⯪","温暖、粉感、肌肤感、醇厚、微醺、发酵感、酒香","/images/smell/东方调/黄葵.png","东方调","15/10/2025 00:00:00","15/10/2025 00:00:00"
"261","皮革","Leather","苦 (烟熏焦苦)/ ★★★★","辣 (辛呛感)/ ★★★⯪","★★★★","烟熏、复古、深沉、阳刚、烟草、稳重","/images/smell/东方调/皮革.jpg","东方调","15/10/2025 00:00:00","15/10/2025 00:00:00"
"262","海狸香","Castoreum","苦 (药感焦苦)/ ★★★⯪","甜 (动物性甜味)/ ★★★","★★★★★","烟熏、皮革、焦油、动物感、温暖、药感","/images/smell/东方调/海狸.jpg","东方调","15/10/2025 00:00:00","15/10/2025 00:00:00"
"263","蜂蜡","Beeswax","甜 (蜂蜜式甜味)/ ★★★★","苦 (蜡质微苦)/ ★★","★★★⯪","温暖、甜蜜、蜡感、蜂蜜、包裹感、丰润","/images/smell/东方调/蜂蜡.jpg","东方调","15/10/2025 00:00:00","15/10/2025 00:00:00"
"264","蹄兔","Hyraceum","苦 / ★★★★","辣 (氨样辛辣)/ ★★★","★★★★★","动物臊感、氨味、化石感、温暖、干燥粉尘感","/images/smell/东方调/蹄兔.jpg","东方调","15/10/2025 00:00:00","15/10/2025 00:00:00"
"265","羊毛","Sheep Wool","甜 (温和的脂甜)/ ★★","酸/ ★⯪","★★★⯪ ","温暖、脂蜡、蓬松、肌肤、细腻粉感、安心","/images/smell/东方调/羊毛.jpg","东方调","15/10/2025 00:00:00","15/10/2025 00:00:00"
"266","贝壳","Seashell","苦 (矿物清苦)/ ★★★⯪","酸 / ★","★★★","海风、咸湿、石灰质、矿物粉感、洁净","/images/smell/东方调/贝壳.jpg","东方调","15/10/2025 00:00:00","15/10/2025 00:00:00"
"267","烧烤","Barbecue","苦 (焦糊炭苦)/ ★★★★★","辣 (烟熏辛辣)/ ★★★★⯪","★★★★★","焦灼、肉感、烟熏、炭火、颗粒感、粗犷","/images/smell/东方调/烧烤.jpg","东方调","15/10/2025 00:00:00","15/10/2025 00:00:00"
"268","海星 ","Starfish","苦 (碘味矿苦)/ ★★★","酸/ ★★★⯪","★★ ","干燥海产、微弱腥气、咸味、矿物细粉、沙滩","/images/smell/东方调/海星.jpg","东方调","15/10/2025 00:00:00","15/10/2025 00:00:00"
"269","毛皮","Animal Fur","苦 (野性臊苦)/ ★★★★","辣 (烟呛辛辣)/ ★★★","★★★★","温暖皮毛、干燥、野性、柔软粉感、麝香","/images/smell/东方调/毛皮.jpg","东方调","15/10/2025 00:00:00","15/10/2025 00:00:00"
"270","珊瑚礁","Coral Reef","苦 (矿藻清苦)/ ★★★⯪","酸 (海水微酸)/ ★★","★★★★★","咸腥、海水、矿物感、湿润、腐败藻类、宏大、生命感","/images/smell/东方调/珊瑚礁.jpg","东方调","15/10/2025 00:00:00","15/10/2025 00:00:00"
"271","琥珀","Amber","甜 (树脂甘甜)/ ★★★★★","苦 (药感苦)/ ★★","★★★★","温暖、树脂、香草、性感、奢华、东方调","/images/smell/东方调/琥珀.jpg","东方调","15/10/2025 00:00:00","15/10/2025 00:00:00"
"272","龙涎香","Ambergris","甜 (海洋暖甜)/ ★★★★⯪","苦 (矿物苦)/ ★★★⯪","★★★★","海洋气息、温暖、醇厚、泥土感、持久、珍宝","/images/smell/东方调/龙涎香.jpg","东方调","15/10/2025 00:00:00","15/10/2025 00:00:00"
"273","降龙涎香醚","Ambroxan","甜 (木香甜感)/ ★★★★","苦 (烟草样苦)/ ★★★★⯪","★★★★★","强劲扩散、矿物感、木质、肌肤麝香、现代","/images/smell/东方调/降龙涎香醚.png","东方调","15/10/2025 00:00:00","15/10/2025 00:00:00"
"274","龙涎酮","Iso E Super","甜 (水性甜感)/ ★★★⯪","苦 (矿物木质苦感)/ ★★★","★★★⯪","洁净、空气感、水润、微咸、麝香、通透","/images/smell/东方调/龙涎酮.png","东方调","15/10/2025 00:00:00","15/10/2025 00:00:00"
"275","焦糖","Caramel","甜 (焦甜)/ ★★★★★","苦 (微苦)/ ★★","★★★★","烘烤、甜蜜、奶油、温暖、美食调","/images/smell/美食调/焦糖.jpg","美食调","15/10/2025 00:00:00","15/10/2025 00:00:00"
"276","奶油","Cream","甜 (奶甜)/ ★★★★","酸 (乳酸)/ ★⯪","★★★","醇厚、细腻、美食感、舒适、温馨","/images/smell/美食调/奶油.jpg","美食调","15/10/2025 00:00:00","15/10/2025 00:00:00"
"277","黑巧克力","Dark Chocolate","苦 (醇苦)/ ★★★★⯪","甜 (甘甜)/ ★★★⯪","★★★★","醇苦、可可、烘焙、烟熏、奢华、深沉","/images/smell/美食调/黑巧克力.jpg","美食调","15/10/2025 00:00:00","15/10/2025 00:00:00"
"278","椰奶","Coconut Milk","甜 (奶甜)/ ★★★★","-","★★★★","热带、甜美、慵懒、白色花香","/images/smell/美食调/椰奶.jpg","美食调","15/10/2025 00:00:00","15/10/2025 00:00:00"
"279","糖果","Candy","甜 (甜腻)/ ★★★★★","酸 (果酸)/ ★★","★★★★","活泼、幼稚、欢乐、人工感","/images/smell/美食调/糖果.jpg","美食调","15/10/2025 00:00:00","15/10/2025 00:00:00"
"280","糖","Sugar","甜 (纯甜)/ ★★★★★","-","★★","纯粹、幸福、能量、美食","/images/smell/美食调/糖.jpg","美食调","15/10/2025 00:00:00","15/10/2025 00:00:00"
"281","白巧克力","White Chocolate","甜 (奶甜)/ ★★★★⯪","-","★★★★","醇厚、乳脂、香草、甜蜜、温馨、顺滑","/images/smell/美食调/白巧克力.jpg","美食调","15/10/2025 00:00:00","15/10/2025 00:00:00"
"282","棉花糖","Marshmallow","甜 (粉甜)/ ★★★★","甜 (奶甜)/ ★★★","★★★★","蓬松、甜腻、空气感、愉悦、幼稚","/images/smell/美食调/棉花糖.jpg","美食调","15/10/2025 00:00:00","15/10/2025 00:00:00"
"283","抹茶","Matcha","苦 (清苦)/ ★★★★","甜 (甘甜)/ ★★","★★★★⯪","青涩、海苔、醇苦、粉感、禅意、清新","/images/smell/美食调/抹茶.jpg","美食调","15/10/2025 00:00:00","15/10/2025 00:00:00"
"284","太妃糖","Toffee","甜 (焦甜)/ ★★★★⯪","甜 (奶甜)/ ★★★⯪","★★★★⯪","焦糖、奶油、烘烤、粘稠、甜蜜、复古","/images/smell/美食调/太妃糖.jpg","美食调","15/10/2025 00:00:00","15/10/2025 00:00:00"
"285","蜂蜜","Honey","甜 (蜜甜)/ ★★★★★","酸 (发酵酸)/ ★⯪","★★★⯪","甜腻、粘稠、蜡感、花香、发酵酒香","/images/smell/美食调/蜂蜜.jpg","美食调","15/10/2025 00:00:00","15/10/2025 00:00:00"
"286","牛奶","Milk","甜 (奶甜)/ ★★★","-","★★★","醇厚、乳脂、温和、舒适、细腻","/images/smell/美食调/牛奶.jpg","美食调","15/10/2025 00:00:00","15/10/2025 00:00:00"
"287","炼乳","Condensed Milk","甜 (甜腻)/ ★★★★⯪","甜 (奶甜)/ ★★★★","★★★★","极致甜蜜、浓稠、奶香、焦糖、复古","/images/smell/美食调/炼乳.png","美食调","15/10/2025 00:00:00","15/10/2025 00:00:00"
"288","红糖","Brown Sugar","甜 (焦甜)/ ★★★★","酸 (微酸)/ ★","★★★★","焦甜、醇厚、矿物质、温暖、蔗糖","/images/smell/美食调/红糖.png","美食调","15/10/2025 00:00:00","15/10/2025 00:00:00"
"289","酸奶","Yogurt","酸 (乳酸)/ ★★★★","甜 (奶甜)/ ★★★","★★★★","发酵酸味、凝乳、清新、开胃、细腻","/images/smell/美食调/酸奶.jpg","美食调","15/10/2025 00:00:00","15/10/2025 00:00:00"
"290","蜜饯","Candied Fruit","甜 (甜腻)/ ★★★★⯪","酸 (果酸)/ ★★★","★★★★","糖渍、果脯、浓缩果香、粘牙、甜蜜","/images/smell/美食调/蜜饯.jpg","美食调","15/10/2025 00:00:00","15/10/2025 00:00:00"
"291","爆米花","Popcorn","甜 (焦甜)/ ★★★⯪","油脂感/ ★★★","★★★★★","烘烤、黄油、谷物、咸香、温暖","/images/smell/美食调/爆米花.jpg","美食调","15/10/2025 00:00:00","15/10/2025 00:00:00"
"292","黄油","Butter","甜 (奶甜)/ ★★★⯪","酸 (发酵酸)/ ★★⯪","★★★★★","油脂感、乳脂、咸香、烹饪、温暖","/images/smell/美食调/黄油.jpg","美食调","15/10/2025 00:00:00","15/10/2025 00:00:00"
"293","冰淇淋","Ice Cream","甜 (奶甜)/ ★★★★⯪","甜 (冰甜)/ ★★★","★★★★","冷冻、奶甜、香草、愉悦、甜蜜","/images/smell/美食调/冰淇淋.jpg","美食调","15/10/2025 00:00:00","15/10/2025 00:00:00"
"294","饼干","Biscuit","甜 (焦甜)/ ★★★⯪","甜 (奶甜)/ ★★⯪","★★★","烘焙小麦粉、酥脆、焦香、朴实","/images/smell/美食调/饼干.jpg","美食调","15/10/2025 00:00:00","15/10/2025 00:00:00"
"295","曲奇","Cookie","甜 (焦甜)/ ★★★★","甜 (奶甜)/ ★★★⯪","★★★★","黄油、香草、酥脆、甜蜜、家庭烘焙","/images/smell/美食调/曲奇.jpg","美食调","15/10/2025 00:00:00","15/10/2025 00:00:00"
"296","焦糖布丁","Crème Brûlée","甜 (焦甜)/ ★★★★⯪","甜 (奶甜)/ ★★★★","★★★★★","烤焦糖、蛋奶、顺滑、奢华、甜蜜","/images/smell/美食调/焦糖布丁.jpg","美食调","15/10/2025 00:00:00","15/10/2025 00:00:00"
"297","面包","Bread","甜 (醇甜)/ ★★★⯪","酸 (发酵酸)/ ★★⯪","★★★★","发酵、酵母、烘烤、麦香、温馨","/images/smell/美食调/面包.jpg","美食调","15/10/2025 00:00:00","15/10/2025 00:00:00"
"298","奶酪","Cheese","酸 (乳酸)/ ★★★★","甜 (奶甜)/ ★★","★★★★★","发酵、咸酸、乳脂、厚重、开胃","/images/smell/美食调/奶酪.png","美食调","15/10/2025 00:00:00","15/10/2025 00:00:00"
"299","提拉米苏","Tiramisu","甜 (奶甜)/ ★★★★","苦 (醇苦)/ ★★★","★★★★★","咖啡、酒香、马斯卡彭、可可粉、复杂","/images/smell/美食调/提拉米苏.jpg","美食调","15/10/2025 00:00:00","15/10/2025 00:00:00"
"300","谷物","Cereal","甜 (醇甜)/ ★★★","苦 (谷物苦)/ ★★","★★★⯪","麦片、烘焙、粗糙、营养、早餐","/images/smell/美食调/谷物.png","美食调","15/10/2025 00:00:00","15/10/2025 00:00:00"
"301","慕斯","Mousse Cake","甜 (奶甜)/ ★★★⯪","甜 (空气感甜)/ ★★★","★★★★","空气感、轻盈、绵密、乳脂、柔和、优雅","/images/smell/美食调/慕斯.jpg","美食调","15/10/2025 00:00:00","15/10/2025 00:00:00"
"302","马卡龙","Macaron","甜 (甜腻)/ ★★★★⯪","甜 (粉甜)/ ★★★★","★★★★★","杏仁粉感、甜腻、酥脆外壳、柔软夹心、精致","/images/smell/美食调/马卡龙.jpg","美食调","15/10/2025 00:00:00","15/10/2025 00:00:00"
"303","朗姆酒","Rum","甜 (辛甜) /★★★★⯪","苦 (醇苦)/ ★★★⯪","★★★★","甘蔗、醇厚、焦糖、热带、微醺、木质","/images/smell/美食调/朗姆酒.jpg","美食调","15/10/2025 00:00:00","15/10/2025 00:00:00"
"304","莫吉托","Mojito","酸 (青柠酸) /★★★★⯪","甜 (清甜) /★★★⯪","★★★★★","清新、薄荷、青柠、清凉、草本、高酸度","/images/smell/美食调/莫吉托.jpg","美食调","15/10/2025 00:00:00","15/10/2025 00:00:00"
"305","红酒","Red Wine","酸 (果酸)/ ★★★★⯪","甜 (醇甜)/ ★★★⯪","★★★★","醇厚、单宁、果酸、果酱、木桶、微醺","/images/smell/美食调/红酒.jpg","美食调","15/10/2025 00:00:00","15/10/2025 00:00:00"
"306","白兰地","Brandy","甜 (蜜饯甜) /★★★★⯪","苦 (木苦)/ ★★★★⯪","★★★★","蒸馏、葡萄、醇香、木桶、甘醇、热烈","/images/smell/美食调/白兰地.jpg","美食调","15/10/2025 00:00:00","15/10/2025 00:00:00"
"307","香槟","Champagne","酸 (尖酸) /★★★★⯪","甜 (清甜) /★★⯪","★★★★","气泡感、清新、高酸度、酵母、清爽、庆典","/images/smell/美食调/香槟.jpg","美食调","15/10/2025 00:00:00","15/10/2025 00:00:00"
"308","威士忌","Whisky","苦(烟熏苦)/★★★★⯪","甜(焦糖甜)/★★★⯪","★★★★★","烟熏、醇烈、谷物、深邃","/images/smell/美食调/威士忌.png","美食调","15/10/2025 00:00:00","15/10/2025 00:00:00"
"309","杜松子酒","Gin","苦(药草苦)/★★★★⯪","辣(辛辣)/★★★⯪","★★★★","清烈、杜松子、草本、植物、干净、凛冽","/images/smell/美食调/杜松子酒.jpg","美食调","15/10/2025 00:00:00","15/10/2025 00:00:00"
"310","白葡萄酒","White Wine","酸(清爽酸)/★★★★⯪","甜(果甜)/★★⯪","★★★","清新、高酸度、柑橘、轻盈、爽口","/images/smell/美食调/白葡萄酒.jpg","美食调","15/10/2025 00:00:00","15/10/2025 00:00:00"
"311","花茶","Flower Tea","甜(花香甜)/★★★★⯪","苦(清苦)/★★⯪","★★★★★","清甜、花香、绿茶底、清新、雅致","/images/smell/美食调/花茶.jpg","美食调","15/10/2025 00:00:00","15/10/2025 00:00:00"
"312","可乐","Cola","甜(药草甜)/★★★★⯪","苦(药苦)/★★★⯪","★★★★★","甜蜜、辛香、气泡感、药感、清爽","/images/smell/美食调/可乐.jpg","美食调","15/10/2025 00:00:00","15/10/2025 00:00:00"
"313","咖啡","Coffee","苦(焦苦)/★★★★★","酸(果酸)/★★⯪","★★★★★","烘焙、焦香、醇苦、坚果、烟熏、提神","/images/smell/美食调/咖啡.jpg","美食调","15/10/2025 00:00:00","15/10/2025 00:00:00"
"314","柠檬水","Lemonade","酸(尖锐酸)/★★★★⯪","甜(糖甜)/★★★★⯪","★★★★★","清新、酸爽、柑橘、解渴、活力、纯粹","/images/smell/美食调/柠檬水.jpg","美食调","15/10/2025 00:00:00","15/10/2025 00:00:00"
"315","水","Water","甜 (清甜)/⯪","酸 (微酸)/⯪","★★","纯净、透明、洁净、清淡、甘洌、空白画布","/images/smell/水生调/水.jpg","水生调","15/10/2025 00:00:00","15/10/2025 00:00:00"
"316","海水","Sea Water","苦 (咸苦)/★★★⯪","酸 (腥酸)/★★⯪","★★★★★","咸腥、海风、矿物感、潮湿、广阔、海藻","/images/smell/水生调/海水.jpg","水生调","15/10/2025 00:00:00","15/10/2025 00:00:00"
"317","墨水","Ink","苦 (墨苦)/★★★★⯪","甜 (胶甜)/★★⯪","★★★★","化学感、矿物感、书卷气、沉闷、醛香","/images/smell/水生调/墨水.jpg","水生调","15/10/2025 00:00:00","15/10/2025 00:00:00"
"318","雨水","Rain","苦 (土苦)/★★★⯪","甜 (清新甜)/★⯪","★★★★","潮湿、泥土（泥土素）、清新、阴郁、凉爽","/images/smell/水生调/雨水.jpg","水生调","15/10/2025 00:00:00","15/10/2025 00:00:00"
"319","露珠","Dew","苦 (土苦)/★★★⯪","甜 (清新甜)/★⯪","★★","清新、水润、绿叶、清晨、微弱花香、洁净","/images/smell/水生调/露珠.jpg","水生调","15/10/2025 00:00:00","15/10/2025 00:00:00"
"320","雪花","Snow","甜 (冰甜)/⯪","苦 (矿物苦)/⯪","★★★","冰冷、洁净、寂静、矿物感、空气感、微弱金属感","/images/smell/水生调/雪花.png","水生调","15/10/2025 00:00:00","15/10/2025 00:00:00"
"321","冰","Ice","甜 (冰甜)/★⯪","苦 (金属苦)/★⯪","★★★★","绝对寒冷、纯净、坚硬、脆弱、寂静、窒息","/images/smell/水生调/冰.jpg","水生调","15/10/2025 00:00:00","15/10/2025 00:00:00"
"322","醛","Aldehydes","辣(刺辣)/★★★★⯪","甜(蜡甜)/★★★⯪","★★★★★","现代、抽象、皂感、蜡质、金属感、华丽","/images/smell/水生调/醛.jpg","水生调","15/10/2025 00:00:00","15/10/2025 00:00:00"
"323","皂感","Soapy","甜(粉甜)/★★★⯪","苦(涩苦)/★★⯪","★★★★","洁净、沐浴、白色、复古、安全、贴心","/images/smell/水生调/皂感.jpg","水生调","15/10/2025 00:00:00","15/10/2025 00:00:00"
"324","金属","Metallic","苦(腥苦)/★★★⯪","甜(血甜)/★⯪","★★★★","冷冽、血腥、工业、锐利、矿物、现代","/images/smell/水生调/金属.jpg","水生调","15/10/2025 00:00:00","15/10/2025 00:00:00"
"325","烟雾","Smoke","苦(焦苦)/★★★★⯪","辣(熏辣)/★★★⯪","★★★★★","干燥、燃烧、熏烤、树脂、神秘、原始","/images/smell/水生调/烟雾.jpg","水生调","15/10/2025 00:00:00","15/10/2025 00:00:00"
"326","火","Fire","苦(炭苦)/★★★★★","辣(灼辣)/★★★★⯪","★★★★★","炙热、灰烬、焦灼、毁灭、危险、温暖","/images/smell/水生调/火.jpg","水生调","15/10/2025 00:00:00","15/10/2025 00:00:00"
"327","希蒂莺","Hedione","甜(青甜)/★★★⯪","酸(绿酸)/★★⯪","★★★★","清新、茉莉、空灵、通透、愉悦、轻盈","/images/smell/水生调/希蒂莺.jpg","水生调","15/10/2025 00:00:00","15/10/2025 00:00:00"
"328","土壤","Soil","苦(壤苦)/★★★★⯪","甜(土甜)/★★⯪","★★★★","阴郁、潮湿、肥沃、根茎、腐败、生命","/images/smell/水生调/土壤.jpg","水生调","15/10/2025 00:00:00","15/10/2025 00:00:00"
"329","纸张","Paper","甜(粉甜)/★★⯪","苦(木苦)/★⯪","★★","干燥、洁净、木质、书香、安静、禅意","/images/smell/水生调/纸张.jpg","水生调","15/10/2025 00:00:00","15/10/2025 00:00:00"
"330","高山空气","Mountain Air","苦(清苦)/★★⯪","甜(冰甜)/★⯪","★★★★","稀薄、冷冽、纯净、空旷、雪松、自由","/images/smell/水生调/高山空气.jpg","水生调","15/10/2025 00:00:00","15/10/2025 00:00:00"
"331","阳光","Sunshine","甜(暖甜)/★★★⯪","苦(燥苦)/★★⯪","★★★★","温暖、干燥、金黄、幸福、谷物、慵懒","/images/smell/水生调/阳光.jpg","水生调","15/10/2025 00:00:00","15/10/2025 00:00:00"
